{
  "cacheBootResources": true,
  "config": [ ],
  "debugBuild": false,
  "entryAssembly": "TASK.WebApp",
  "icuDataMode": 0,
  "linkerEnabled": true,
  "resources": {
    "assembly": {
      "Blazored.LocalStorage.dll": "sha256-ItMv+HytRb8SgPKYiz75PK0k+DFgN1E247PZT\/8lODs=",
      "Microsoft.AspNetCore.Authorization.dll": "sha256-coKhEmxTxp+uUYOz9uiussB4biML1SaU2bTzTcg19kQ=",
      "Microsoft.AspNetCore.Components.dll": "sha256-IIut+GUEUNVb\/YgFOMy65F6kWhf6GT4PHGyjgyjqPq4=",
      "Microsoft.AspNetCore.Components.Authorization.dll": "sha256-8aSghJG9yiCwcK2jk2lsHyusQVzbmpyQSz74IW584vk=",
      "Microsoft.AspNetCore.Components.Forms.dll": "sha256-EXH1FbCyFlyZecTUbOFAhqPL3RVDGr\/EMS6xfdaanvo=",
      "Microsoft.AspNetCore.Components.Web.dll": "sha256-aG59C9zRIDEkiidxQQ\/DuOGArtVY2HMR86h8sM19d7g=",
      "Microsoft.AspNetCore.Components.WebAssembly.dll": "sha256-cFb2vs52FHYDVjaDiu0EhZUTXQzXNY3PJWO8MoEEhEc=",
      "Microsoft.AspNetCore.Metadata.dll": "sha256-LPh0WRzZ\/gr7bugJ\/4+FpGoV+QCYJWfPes\/4gkHmFvg=",
      "Microsoft.Data.SqlClient.dll": "sha256-b3VthT+G+1PEq1MmOISwOC8nsYR60+3otiX74sQDynQ=",
      "Microsoft.EntityFrameworkCore.dll": "sha256-EJBWu8eyiiQH3gTJbAIBlAdrYRx0xRL2f\/zteLbNad4=",
      "Microsoft.EntityFrameworkCore.Abstractions.dll": "sha256-tfQz3V9MNN4HUZkN7SgXMOnMaeOBdh6RkfM6f8KCI4g=",
      "Microsoft.EntityFrameworkCore.Relational.dll": "sha256-iGpUixor6IP3\/c4cEHw0RfpAWgIT5PiINbgciNzeiW4=",
      "Microsoft.EntityFrameworkCore.SqlServer.dll": "sha256-nUOe2vSNKHQGQTFW2GcD7yRSqrvRuGI54JK2cQ5bCWI=",
      "Microsoft.Extensions.Caching.Abstractions.dll": "sha256-DSGwgkvi91kFFEFfNKZDbjVgKJ3JE7fszeKmEpyGzJk=",
      "Microsoft.Extensions.Caching.Memory.dll": "sha256-\/m93W5+5qo99IuLEwSH2AKyPwOXxpsflwmI8tHexIzg=",
      "Microsoft.Extensions.Configuration.dll": "sha256-vgUb5AfO7p3o2yChEAuJi9eKWhUZ0W2nFHg7v5R2JQU=",
      "Microsoft.Extensions.Configuration.Abstractions.dll": "sha256-SquwfHUj6Egct3ckKOFELYTGACR5HIdc5E9cFHD5OGU=",
      "Microsoft.Extensions.Configuration.Json.dll": "sha256-GcqOItT9TLap0aRlf66Tqc0ycCSRvh9ZZ2eP2AnyT90=",
      "Microsoft.Extensions.DependencyInjection.dll": "sha256-17HaohNkPfx3aF5tHBEUrdbHXo+\/8pFmbo5bUVrJrBM=",
      "Microsoft.Extensions.DependencyInjection.Abstractions.dll": "sha256-YBQ4zt539k3jOl7glJgfcPbsWIL9SCCjisq0Zzuog6w=",
      "Microsoft.Extensions.Logging.dll": "sha256-N0bEt5HtV0QbWoif8no0EUyep8fcdVbbINBIVOttU8k=",
      "Microsoft.Extensions.Logging.Abstractions.dll": "sha256-CGrRrVl990S9hsErcQ6MfleJ9TaRVRQnVkQHGxQhprI=",
      "Microsoft.Extensions.Options.dll": "sha256-BYpZxOM\/5gKKZ5I9Kh6EFcbuGdPYK3zRm4SONJ0ISFg=",
      "Microsoft.Extensions.Primitives.dll": "sha256-E7DnDjEupzqTlQlhvkeX4GHsMdTv0UjNWbjE\/ZdyIcM=",
      "Microsoft.Identity.Client.dll": "sha256-XK5QVvHK6jJNdUWgCmsZmpM8842cYT7PZo2gAAmv8Ak=",
      "Microsoft.IdentityModel.JsonWebTokens.dll": "sha256-S55wvgRA89YZpmxuPSWLDs2VuvACgF14AJ9EfgIZJpY=",
      "Microsoft.IdentityModel.Logging.dll": "sha256-WAXb713En4owgQGC8dHm3j0S9tSgApL0kgF+uWQfwVk=",
      "Microsoft.IdentityModel.Protocols.dll": "sha256-bgO4Gi1n359bMzIpoSnuLWNGhnzQY3eQdiUPIMxIeak=",
      "Microsoft.IdentityModel.Protocols.OpenIdConnect.dll": "sha256-E2n9klAJ4qHKbFJ2lLNNGhl\/l+ZrH4xl1ftstxAPSzw=",
      "Microsoft.IdentityModel.Tokens.dll": "sha256-yw2gbAP1YoJyRl0DV5LweVRPuzIlwyebuvv5tZBDT34=",
      "Microsoft.JSInterop.dll": "sha256-mRffHozNFUjXcRwKwhI6uwe6e9V5dMFtp46knThTofY=",
      "Microsoft.JSInterop.WebAssembly.dll": "sha256-CUVDXn7tZbnOjcP3RCv7qo06kRLU82YzLqw07Ijzexc=",
      "Microsoft.Win32.SystemEvents.dll": "sha256-56MWX7GCuiW+O0EPzkUo0jj6T\/mhpVB6x+UFQtaS2qE=",
      "Newtonsoft.Json.dll": "sha256-etsgJYQb32kqVnEuCK\/nXhcwxx1keKj+1XWs1DJRpmI=",
      "Radzen.Blazor.dll": "sha256-41pW7BWtMzApHd+qHsxHNxmp33uCy1lFgfe12W04nkU=",
      "System.Configuration.ConfigurationManager.dll": "sha256-Rmj4lST8tNcZUOCtfg1W5eXbLHDjla1J99tqgWTMUNY=",
      "System.Data.SqlClient.dll": "sha256-MEhlg3Y9xPg4PVw50tdHctlzHHqHTALt1dOljI84JJo=",
      "System.Drawing.Common.dll": "sha256-E+\/s4U4Xt\/iFr\/+Dd7ZSqXXAOJZKgnOAW4C5r7OPcHc=",
      "System.IdentityModel.Tokens.Jwt.dll": "sha256-ZOy7bFhNmzOUzlGe51re6A1KtU\/+uqqEI6CPEFs0ye4=",
      "System.IO.Pipelines.dll": "sha256-3ET+mpR7F058YRj9YaLHOVXBqOW6iUxtIpeiKPYw4PA=",
      "System.Linq.Dynamic.Core.dll": "sha256-+dlU8yi5zWnF9GeqOTl26t\/y5vllHc9O3mEwXdQjP7M=",
      "System.Runtime.Caching.dll": "sha256-uinCUR2ohEr7HafWzdwVIpeyborl3XdQrpSXZ3TYWvQ=",
      "System.Security.Cryptography.ProtectedData.dll": "sha256-hgT40uPpMnELY0cwspokXIls6t\/WSmIAHlgukXFTLxM=",
      "System.Security.Permissions.dll": "sha256-dO87Z5YKm1af7ZrEVxV3adv+QzsPT6E8UhZ8Ika\/7XE=",
      "System.Windows.Extensions.dll": "sha256-q76BRvo\/Y47p9aquhRgtct54B8nwoGMR7xTrTl88s7A=",
      "TASK.Application.dll": "sha256-7OuHnnC58J\/nyKxfRLiaJsP8GQjD95asthjXQlYYVvw=",
      "TASK.Data.dll": "sha256-kruAnO0kfzZZg8zazAd\/AUvMUHjkQ9T1JRVpHduT37I=",
      "TASK.WebApp.dll": "sha256-UZqXOftZ95Mu7rmI1wwFYIvu6eIdIYPsjk2pKFTnKTE=",
      "Microsoft.CSharp.dll": "sha256-JtnZVYnMWx\/D3uqkqpg1ZTFdXN1TyNzDFc6xU5TyS3o=",
      "Microsoft.Win32.Primitives.dll": "sha256-kZLKrP9e9ncelGygWw3R2p1gwLL+79AfLF7XVAl2MjU=",
      "System.Buffers.dll": "sha256-Xai5OGlnRIR6cAnn7FSlJbvXm32HlDlXJ\/Xq+A1ocjc=",
      "System.Collections.Concurrent.dll": "sha256-SeX55l3KLQP\/ocnUNqmm4jHwV916X8ZiQoAcMpDgwRY=",
      "System.Collections.Immutable.dll": "sha256-m1TznGcEg9LBjcKF77zxn5\/0QGMSBm5jSfWLLHrWIz4=",
      "System.Collections.NonGeneric.dll": "sha256-0MhPFNBbTR23EnWVrXuDHcIcJJwsWzx2XLFe9JJfmUs=",
      "System.Collections.Specialized.dll": "sha256-Y\/o998rmRDZ+iULosztrLuB3DG\/LLx4GF8VkOGuyo0A=",
      "System.Collections.dll": "sha256-uaKiLHCM1LZxj9xYyghb88D\/6gUSr3Php0CUN85eD8c=",
      "System.ComponentModel.Annotations.dll": "sha256-L6xmU9iY5Tet039t7oGN96WO5AZKNnMPBbVV1vnLdMQ=",
      "System.ComponentModel.EventBasedAsync.dll": "sha256-ztEXLGCFExEcumetnOPlq0eVFB+I9uoPbnPNeE3wpHQ=",
      "System.ComponentModel.Primitives.dll": "sha256-mKs9X3HByhGHTJLsWtsWox4tutLAuk7G9jp0Jh3wbTM=",
      "System.ComponentModel.TypeConverter.dll": "sha256-8rqBzm0RYNoKPJgVv2A5\/Wac6XyLcNnDxxJpBNWuhI8=",
      "System.ComponentModel.dll": "sha256-MUnwOxtFyQMWgZFUkYBz9sTdf930pxT4f8c9bAjzz4o=",
      "System.Console.dll": "sha256-zF0sRL1AcwLUDaeW1qz9z\/ALO8utecRzmnoalxEV7c8=",
      "System.Core.dll": "sha256-ANLSZYZZtbm3OyT83p+HXrPUhDUvtOtiSDBsWKQyyY8=",
      "System.Data.Common.dll": "sha256-39VFo0vZf\/up5xw0J7butnTu5EEWNHn2+0mTM\/adrPs=",
      "System.Diagnostics.Debug.dll": "sha256-yFQKZNsb8zDwY6fq4WGqvzz3OabEbF4XHgODQiyV3LQ=",
      "System.Diagnostics.DiagnosticSource.dll": "sha256-4EdepdrmGLFzLaH7fPBytTZuyVpoAKT3TXJstwiWHP8=",
      "System.Diagnostics.Process.dll": "sha256-jD2dL3lU\/WF6eZRZX4i5ptlXZO9uzl5HKvFeFr2UQnE=",
      "System.Diagnostics.Tools.dll": "sha256-1I6kaMNRcTAJr2H479sPv+jugp12Hg3kDyHFg9INh7E=",
      "System.Diagnostics.TraceSource.dll": "sha256-EehJcX8\/lY8hXADoNkMfFN8pqZJclzZKrCaZ+98ve2I=",
      "System.Diagnostics.Tracing.dll": "sha256-hFRKypxby9PoB+kiOltI3T2I\/Sjex1bbHYxVIVNTf0E=",
      "System.Drawing.Primitives.dll": "sha256-YZuM3C9MNNf3mnmEx7bEuq+yOlYDLMwOyLwCOoVR9OA=",
      "System.Drawing.dll": "sha256-c8bj7wLVDt5hLQO4sWpG1PMeCSpuPovEwmbhEpBJbgQ=",
      "System.Dynamic.Runtime.dll": "sha256-1fLoi1N4xll8lRR2Q5n4DVB69HNoKe0ZfPap5+7TTZo=",
      "System.Globalization.dll": "sha256-rkUy720K6LAWcMjXOqr2tgSvJNthO0IL9Mokf7ZhyGI=",
      "System.IO.Compression.dll": "sha256-Mkt35pIg1+TGSad3Ec2qjl0NHSaqq1XwZs6ipFajoLk=",
      "System.IO.FileSystem.Watcher.dll": "sha256-G136eXbHbbS+v8GBq8MofnPOEP2GGQXv6mtBBX\/T6Vo=",
      "System.IO.FileSystem.dll": "sha256-qAWqER1g8zf7KX9FAw8fghApnI58yvro58\/aRLTho3Q=",
      "System.IO.dll": "sha256-BiQVFQcZjub+bzassQG5+tlL7I0AmTGXMc3QT30Zabk=",
      "System.Linq.Expressions.dll": "sha256-zd+H15vzercrztGBL7epfb\/lBsJEcc3wZs8aEtM80PU=",
      "System.Linq.Queryable.dll": "sha256-pYApqP1UfRtdA2IWEL0uuNzakk7LzsPXOPyH7PE18yk=",
      "System.Linq.dll": "sha256-jumDF3nUmTJPl18EEvsavCR7heUD\/pp6+f9DVwaFMQ8=",
      "System.Memory.dll": "sha256-KuQi4qfqTCR7dWEXhu1HJV0K6lIpjfJPQrxT60eVBAI=",
      "System.Net.Http.Json.dll": "sha256-AgijbD9dWEUMxoGrJ7Jig19KjE9VKBUf\/Scc8YOgE\/E=",
      "System.Net.Http.dll": "sha256-kzMqNxrTJQbTzahyRKUGlKRnN4fH94Ae78XxBP9\/M0g=",
      "System.Net.HttpListener.dll": "sha256-g6uKKWsn1499WH4K2g5gvQMb0UScBTQUl3OPVGj6CV0=",
      "System.Net.NetworkInformation.dll": "sha256-oqvUhUhyeMuvI\/ExbHDD9oWGs\/jRhCZyXZ04Dfo7mpY=",
      "System.Net.Primitives.dll": "sha256-weEtKrU8qnUbHfAWx6QHMoegHe2CXnKlHlq7qAs0zlw=",
      "System.Net.Sockets.dll": "sha256-1G3gkj0YJ\/BoD50wkMfiPiOg+JtCFrEMprGvk13IPA0=",
      "System.Net.WebClient.dll": "sha256-DQyTZu4R+SRLqG+L0+IzB8yahoK\/KVGq3deBSUjjKvU=",
      "System.ObjectModel.dll": "sha256-sD51vFtCSHjQUvMAPvFuPITYiZ5PiTSnhtFZrXGGSlo=",
      "System.Private.Runtime.InteropServices.JavaScript.dll": "sha256-9\/sulmGz8\/yRh3OraYZaCknYjZ4x5wmRsoh26jK+dr4=",
      "System.Private.Uri.dll": "sha256-JrrRcv7e67SaO4GZWEA4PfapY4XDFAuxKbBMKCb\/YJE=",
      "System.Private.Xml.Linq.dll": "sha256-TWKcBghXgqEPrsswff1Qng+po8CFUqeRT2MY71pLUEM=",
      "System.Private.Xml.dll": "sha256-NeHbKzmvO9DHa7igGNI+pBX1nNahT95VbB3bn2O0qq0=",
      "System.Reflection.Emit.ILGeneration.dll": "sha256-xAEHxwRVqwQNAm7tSlbF0U\/4v39DoeJL88XJC3dvsT0=",
      "System.Reflection.Emit.Lightweight.dll": "sha256-FkvqqHT\/iDhbn2Aw9m0Z49\/pmhmbncL5Ix+e\/UZVFuA=",
      "System.Reflection.Emit.dll": "sha256-lHfNRh0QdSZ3KyBrFz7qL1tkeiiJoU10Bqu7aVss6WA=",
      "System.Reflection.Extensions.dll": "sha256-0fJ9Ev8E1xZUSJAiTdSzsml2b5DdEb5zjvQ\/BQvhpt4=",
      "System.Reflection.Primitives.dll": "sha256-qerHIMWr4LnrOPS2kzH+SWnGIDX064oaj1A9PRlTBJE=",
      "System.Reflection.dll": "sha256-lWrn07bwekQbXk42GgXslu8ge1soWJ+3eCWv+HYw17w=",
      "System.Resources.ResourceManager.dll": "sha256-T6MEFfWk6ykHIRhq7paalp6Hd63rN0T1ShS4olVFwkU=",
      "System.Runtime.CompilerServices.Unsafe.dll": "sha256-67Y+c2mjoQEhylks3zEdwyp\/CWESbVFzxDcEAMBhrJ8=",
      "System.Runtime.Extensions.dll": "sha256-dqCbd6IRic697x3JnK+bfmrcFyVoSDNzxnXYz7W\/5zU=",
      "System.Runtime.InteropServices.RuntimeInformation.dll": "sha256-V70PCx3BXUoCjhzgQYK3WPIZbZAjayCh7oLcDHTkO\/E=",
      "System.Runtime.InteropServices.dll": "sha256-8U84+X2oo56Zgwy3JVlT3vAi3CJHgE75UGzcs6gLu\/k=",
      "System.Runtime.Numerics.dll": "sha256-isCUqSbOkKhFPTBgyT0hqairZiANI0v+StlPy7+SfVc=",
      "System.Runtime.Serialization.Formatters.dll": "sha256-kBTwiUYnn7XSLQ1I8JeTKx1dIGMq+aIfI8YoZCaOisE=",
      "System.Runtime.Serialization.Primitives.dll": "sha256-Y+WsqzhXVjREzvC8I8OuPyQWHIIgZkByKdFG2UMx+NY=",
      "System.Runtime.dll": "sha256-O49M9Ono+Wi6VxPWsZtoYM7JWXzEoycz7tmzbPlAKMk=",
      "System.Security.AccessControl.dll": "sha256-woyiaWBhuoVnE\/UvZQWvocDwQ94DQTkLjH92F\/z2JIE=",
      "System.Security.Claims.dll": "sha256-2yqRN2BCW7wxXRYGOYt3cF826XvfzwKcweSAVDE1z1w=",
      "System.Security.Cryptography.Algorithms.dll": "sha256-LMNJSOYi5meF+K6zZGPP5xMKEUp0liDnHr\/Wjc7UH30=",
      "System.Security.Cryptography.Cng.dll": "sha256-erev+S7RVFuttvhQLNC0NMf4GKJby25JPRDTQVfb5Hw=",
      "System.Security.Cryptography.Csp.dll": "sha256-7cUWSdKOhs\/uNyeOZWoJkDpuGttxkWxmppX0lZMug9Y=",
      "System.Security.Cryptography.Primitives.dll": "sha256-M2e7Fd2+ryCZyeL9HJB7Zem+luBZ38OdJug36j4jcPs=",
      "System.Security.Cryptography.X509Certificates.dll": "sha256-ee\/wkauXFJ62Oo9taGLt5XNB15rgttx387r3IAMWW1k=",
      "System.Security.Principal.Windows.dll": "sha256-1f7W58LxozGaFObC6YJnp+0nfmx\/AmsJhzRStwRgFhA=",
      "System.Security.Principal.dll": "sha256-jS5mkt848bSw2p9l9svNYT09sfomsE+YzeEWQL3NUcw=",
      "System.Text.Encoding.Extensions.dll": "sha256-0cVUONhS42E12xj80Xyni6rPWWniFzxL++F\/\/0C7CPE=",
      "System.Text.Encoding.dll": "sha256-WlSm+5TKa7XRgs2PPMx0fIiuPbIYXavmvzmL\/vJW4O4=",
      "System.Text.Encodings.Web.dll": "sha256-AEvk1n+uJ86k6fJGyqdHobjFT\/n0lcnB2SkpRskVOXM=",
      "System.Text.Json.dll": "sha256-EwPiu1gFtyAGrXUsgbE6Vj5Dw2iOAlPn8UfpVdSjmv0=",
      "System.Text.RegularExpressions.dll": "sha256-8lPmpE76Uaw73wdK1Obtp77gF07vNu9Rr4+5n1585EM=",
      "System.Threading.Tasks.dll": "sha256-4PjH5nqFm777fJUWBlfMKvMZIKdiIuLx+tu6Tl6poiI=",
      "System.Threading.Thread.dll": "sha256-gJMe3DS+ryhF806e89eOdj7hxMESzOD\/we6kXw12plQ=",
      "System.Threading.ThreadPool.dll": "sha256-5L1N\/JfFzo5H\/1rFdRDrafPCQoWPP+3DUEgbTwXb2Bw=",
      "System.Threading.dll": "sha256-2BkQ22yZ4s0qtXDTIR676NPnqgmlb4dy8PPGtxHtp1E=",
      "System.Transactions.Local.dll": "sha256-keJat9fUO989YzbPDi4asheMobgzMFhh5tgqJf+7qC4=",
      "System.Web.HttpUtility.dll": "sha256-422ttjkz8rToJmJzlpYybvf2gZWKFGZspJAWPjt7as8=",
      "System.Xml.ReaderWriter.dll": "sha256-UPdBstIf+4IXJIzev8GFlv4sRCUrLIDKIjBJIYVWGn4=",
      "System.Xml.XDocument.dll": "sha256-kKNhApvZGd1LAF89Gxc0L3eR5C5sFCiPSTLd75AfCYk=",
      "System.Xml.XmlDocument.dll": "sha256-G1ddN2\/KsT2EiWcB4LbPCpkI1Hoju9cxXxLg\/kNpncs=",
      "System.dll": "sha256-VzXXmgOwhgDF2\/AelRKUUBfBkcHVatr7FPbmdFeZM28=",
      "netstandard.dll": "sha256-TAiDxL+9Pi1KGwGa8x7sYpqtx7i1VXCZL8WMqVJkut0=",
      "System.Private.CoreLib.dll": "sha256-zW+WxMR0oDoNxBCTQcowZHmv7FDIhsjBG\/2ltBcUgl0="
    },
    "extensions": null,
    "lazyAssembly": null,
    "libraryInitializers": null,
    "pdb": null,
    "runtime": {
      "dotnet.timezones.blat": "sha256-ir9YCVnnk7popgsYUkvitfGA4WpkP1ydPh\/ENHnxGys=",
      "dotnet.wasm": "sha256-YXYNlLeMqRPFVpY2KSDhleLkNk35d9KvzzwwKAoiftc=",
      "icudt.dat": "sha256-m7NyeXyxM+CL04jr9ui1Z6pVfMWwhHusuz5qNZWpAwA=",
      "icudt_CJK.dat": "sha256-91bygK5voY9lG5wxP0\/uj7uH5xljF9u7iWnSldT1Z\/g=",
      "icudt_EFIGS.dat": "sha256-DPfeOLph83b2rdx40cKxIBcfVZ8abTWAFq+RBQMxGw0=",
      "icudt_no_CJK.dat": "sha256-oM7Z6aN9jHmCYqDMCBwFgFAYAGgsH1jLC\/Z6DYeVmmk=",
      "dotnet.5.0.12.js": "sha256-WS05RNygETTzJa6IrHiyyVLJPZpiosV319Lgm41Sv48="
    },
    "satelliteResources": null
  }
}